time,center_of_mass,eccentricity,variance_of_radius,mean_radius,rna_amount,c_light,c_dense,volume,velocity,aspect,smoothed_distance,smoothed_velocity,Mc,Mm,Chi,kp,kd,sigma,alpha,cplus,cminus
5879.19775390625,0.0028057510328306,0.10977646240208,0.0004817040951186,4.5296976988924165,15.285086841904176,3.508603572845459,4.436384677886963,65.39769601284722,,1.0060804473913478,0.0028327488806644753,9.89566332495074e-08,1.0,1.0,-0.1,0.09,1.0,2.5,1.0,4.5,3.5
3869.197998046875,0.099324820072649,0.0431241869749456,0.000404822714663,4.532811279216665,15.284197873676892,3.5085341930389404,4.4358439445495605,65.48401820941821,-0.000217752346698,1.0009311466895665,0.10227715856841055,0.0002122369572588479,1.0,1.0,-0.1,0.09,1.0,2.5,1.0,4.5,3.5
3479.197998046875,0.1965110071322421,0.1049519418287319,0.0004296155082463,4.530399326642237,15.28174017059269,3.5085229873657227,4.435948371887207,65.48401820997205,-0.0003791473739871,1.0055533748350656,0.2019509980646396,0.0003253187299175654,1.0,1.0,-0.1,0.09,1.0,2.5,1.0,4.5,3.5
3249.197998046875,0.2958801044423338,0.1480517616841952,0.00064535929724,4.53032847468177,15.277788084988211,3.508575439453125,4.436649799346924,65.39769601377752,-0.0006099104765221,1.0111431887759874,0.30085406652054203,0.0005265371224892762,1.0,1.0,-0.1,0.09,1.0,2.5,1.0,4.5,3.5
3069.197998046875,0.398279703275323,0.1229318600588384,0.0005692218013227,4.527805169211499,15.271681228649852,3.508474111557007,4.436175346374512,65.50128264997099,-0.0003197023281642,1.0076428565577558,0.40575358536393435,0.0006506208302366201,1.0,1.0,-0.1,0.09,1.0,2.5,1.0,4.5,3.5
2939.197998046875,0.5005727267110637,0.1883750005670034,0.000637952964674,4.543463130571942,15.264337348580575,3.50825572013855,4.434659957885742,65.7602492400251,-0.0006911391127657,1.0182291798438905,0.5071475514659042,0.0008441548088481271,1.0,1.0,-0.1,0.09,1.0,2.5,1.0,4.5,3.5
2839.197998046875,0.5847531944235037,0.1984103475969411,0.0013644019843342,4.540242883980187,15.256109028990076,3.508265495300293,4.435286045074463,65.70845592284918,-0.0007419319769965,1.0202842292232457,0.5999533986228935,0.0009802949526656057,1.0,1.0,-0.1,0.09,1.0,2.5,1.0,4.5,3.5
2739.197998046875,0.6978641444252192,0.2041917659186821,0.0018172041468528,4.539659232618411,15.24472132274708,3.5082037448883057,4.435398578643799,65.74298480203346,-0.0009152068061877,1.021522552591952,0.7078446870920685,0.0012064352321199887,1.0,1.0,-0.1,0.09,1.0,2.5,1.0,4.5,3.5
2659.197998046875,0.8018157648733659,0.2678901233088507,0.003073576995724,4.54181199161439,15.232597565004465,3.5081584453582764,4.435593605041504,65.7602492418957,-0.0016983232648239,1.0379371527206689,0.8101630649932362,0.0013762746880551721,1.0,1.0,-0.1,0.09,1.0,2.5,1.0,4.5,3.5
2589.197998046875,0.8947350289888394,0.3148275895920073,0.0060573627880654,4.548704168570846,15.21919620424658,3.508094787597656,4.435722351074219,65.7947781209103,-0.0007059934990907,1.0535754982963377,0.91033918382297,0.00150626543504416,1.0,1.0,-0.1,0.09,1.0,2.5,1.0,4.5,3.5
2529.197998046875,0.9919931222471322,0.3057403009265853,0.0076610087045445,4.535086192757222,15.205196436531862,3.508037805557251,4.436032772064209,65.81204256078858,-0.0015999409678877,1.0502933551335318,1.0044181915104322,0.0016734809370537729,1.0,1.0,-0.1,0.09,1.0,2.5,1.0,4.5,3.5
2469.197998046875,1.0955660815708228,0.3398194619614165,0.0104519601795669,4.545656064379191,15.188465917918768,3.5078682899475098,4.435250282287598,65.98468695480439,-0.001965747390112,1.0632747493325,1.108101929366168,0.0017614596151310086,1.0,1.0,-0.1,0.09,1.0,2.5,1.0,4.5,3.5
2419.197998046875,1.191674881208984,0.3800496147195035,0.0154859840835506,4.55353127441468,15.17213453938179,3.50779390335083,4.435242652893066,66.03648027366333,-0.0021458743095492,1.081120700038739,1.2015978301756094,0.001980233093847761,1.0,1.0,-0.1,0.09,1.0,2.5,1.0,4.5,3.5
2369.197998046875,1.2851458905610238,0.4067055757270976,0.022611448155428,4.555715867138779,15.153360970456056,3.50764274597168,4.434770584106445,66.17459578917223,-0.0019001743936402,1.0946197055280085,1.3034818694366685,0.0021096493049568704,1.0,1.0,-0.1,0.09,1.0,2.5,1.0,4.5,3.5
2319.197998046875,1.394777442627125,0.449625426477051,0.0299093074618278,4.559260596823868,15.131891131586324,3.5074539184570312,4.433938026428223,66.36450462291845,-0.001966957575007,1.1195485197250896,1.412773174459214,0.002226004670276782,1.0,1.0,-0.1,0.09,1.0,2.5,1.0,4.5,3.5
2279.197998046875,1.4892511263792962,0.4455011546357597,0.0362012513830002,4.564015862613238,15.112609146078595,3.507443904876709,4.434511661529541,66.32997574557497,-0.0021294472250083,1.1169672908468715,1.5054029031548664,0.0023871027512599313,1.0,1.0,-0.1,0.09,1.0,2.5,1.0,4.5,3.5
2239.197998046875,1.587211938857213,0.4876062331958598,0.0488689174792846,4.5642753254398265,15.09132918519417,3.5072834491729736,4.433891773223877,66.48535570055265,-0.0025887824732826,1.1453918439925517,1.603698100375039,0.002523646293429896,1.0,1.0,-0.1,0.09,1.0,2.5,1.0,4.5,3.5
2199.197998046875,1.6877944587888756,0.5077560146978494,0.058983818759137,4.573181135955468,15.067949053671516,3.5071816444396973,4.43366813659668,66.57167789852308,-0.0022497280787479,1.160764870440226,1.707878791102679,0.0026607192693050563,1.0,1.0,-0.1,0.09,1.0,2.5,1.0,4.5,3.5
2159.197998046875,1.798440399244707,0.5439785575687973,0.0804532078502942,4.587891005511495,15.042384310678004,3.507040500640869,4.433106422424316,66.709793414768,-0.0035537364379901,1.1917543222295028,1.8170392734121794,0.0027892732299058948,1.0,1.0,-0.1,0.09,1.0,2.5,1.0,4.5,3.5
2129.197998046875,1.8855586055786744,0.5648183131978903,0.0940668239695639,4.588732667499537,15.021738385222012,3.506920576095581,4.432577610015869,66.83064449104401,-0.0033399716428765,1.211804984008673,1.9025588318903672,0.002923667779068259,1.0,1.0,-0.1,0.09,1.0,2.5,1.0,4.5,3.5
2099.197998046875,1.9739980695101176,0.5762421960083048,0.1092381843857891,4.599476351562762,14.99981007982426,3.506669759750366,4.430927753448486,67.12413996045723,-0.0037652861298038,1.2235723959379143,1.991583953483347,0.0030032368295349887,1.0,1.0,-0.1,0.09,1.0,2.5,1.0,4.5,3.5
2059.197998046875,2.087257118466271,0.606563773359199,0.1378300613293403,4.595331502729215,14.968561850304216,3.506686210632324,4.431715488433838,67.05508220528986,-0.0023889757262396,1.257806521159598,2.115040592003459,0.003173453000080914,1.0,1.0,-0.1,0.09,1.0,2.5,1.0,4.5,3.5
2029.1978759765625,2.187160330254444,0.6238309543366052,0.1623720902680631,4.6028687908699855,14.943616670608334,3.5065746307373047,4.4311137199401855,67.17593328159612,-0.0033310948689881,1.2794934423856883,2.2113669645970004,0.003253063655014224,1.0,1.0,-0.1,0.09,1.0,2.5,1.0,4.5,3.5
1999.1978759765625,2.2884437350341345,0.653842804847639,0.1963559995611183,4.62514471080082,14.917385000176576,3.506502151489258,4.430850982666016,67.24499104094738,-0.003383641896947,1.3216492209905502,2.3112435862500984,0.003357708336672066,1.0,1.0,-0.1,0.09,1.0,2.5,1.0,4.5,3.5
1969.1978759765625,2.390271944592796,0.6615058774044716,0.2159974441670448,4.607324968322782,14.88987817186696,3.5063552856445312,4.429879188537598,67.41763543521843,-0.0035020293464822,1.3334400434350269,2.4133559673558858,0.0034942560050022498,1.0,1.0,-0.1,0.09,1.0,2.5,1.0,4.5,3.5
1939.1978759765625,2.492374238227796,0.6699575226679217,0.2475292560920584,4.620405941388625,14.86110940836898,3.5062382221221924,4.429098129272461,67.55575095114465,-0.0030755997160296,1.3469837877292603,2.520179108702423,0.0036206205603479674,1.0,1.0,-0.1,0.09,1.0,2.5,1.0,4.5,3.5
1919.1978759765625,2.5728822104140816,0.6937693790215519,0.2850354289924875,4.648362301165257,14.8412350754881,3.506244659423828,4.429269313812256,67.53848651339301,-0.0041297845272484,1.388508535805335,2.592886672196845,0.003686520520364306,1.0,1.0,-0.1,0.09,1.0,2.5,1.0,4.5,3.5
1889.1978759765625,2.677482146042292,0.7011895383587131,0.3170142118149496,4.634123742365691,14.810386065412816,3.5060408115386963,4.427670478820801,67.7974531042774,-0.0034013015522559,1.402573887404907,2.7052775679723924,0.0037720990075290617,1.0,1.0,-0.1,0.09,1.0,2.5,1.0,4.5,3.5
1859.1978759765625,2.797181306156161,0.7211469557938148,0.3710992537113976,4.629037344770366,14.77829009168532,3.5060741901397705,4.427820682525635,67.76292422773983,-0.0046035730641284,1.44345526345841,2.819842136900909,0.0039037542957179594,1.0,1.0,-0.1,0.09,1.0,2.5,1.0,4.5,3.5
1839.1978759765625,2.876359356048662,0.7365087197660788,0.4113129910542984,4.674497387000661,14.756192711207348,3.50592041015625,4.426462650299072,67.97009750050857,-0.0046176944387349,1.4783538341173277,2.8991033524909344,0.0039938284849480865,1.0,1.0,-0.1,0.09,1.0,2.5,1.0,4.5,3.5
1809.1978759765625,3.0008025039770505,0.7460555334338054,0.4558700775412496,4.668902807754475,14.72197191789893,3.505909919738769,4.426093578338623,68.00462638088797,-0.0047487707707512,1.5017636802056888,3.019229458047753,0.004060357714482515,1.0,1.0,-0.1,0.09,1.0,2.5,1.0,4.5,3.5
1789.1978759765625,3.0729998243930616,0.760521525471209,0.5065744831067895,4.660328143240129,14.698417859224488,3.5058693885803223,4.425538063049316,68.07368413908796,-0.0039198628831163,1.5400899567836246,3.1014191804116096,0.004177255297236698,1.0,1.0,-0.1,0.09,1.0,2.5,1.0,4.5,3.5
1769.1978759765625,3.157519098519277,0.7677746108620348,0.5386990479806394,4.672080795436578,14.674244742289812,3.505692958831787,4.423706531524658,68.33265072960627,-0.0049693111450485,1.5607441086106977,3.18621750820233,0.004258913875710785,1.0,1.0,-0.1,0.09,1.0,2.5,1.0,4.5,3.5
1739.1978759765625,3.2875667204441403,0.779984739388019,0.6021085797965697,4.684512466928605,14.636754491707398,3.505836248397827,4.424219608306885,68.19453521728018,-0.0035916649792476,1.597958359091135,3.314901515704849,0.004328157924824216,1.0,1.0,-0.1,0.09,1.0,2.5,1.0,4.5,3.5
1719.1978759765625,3.3660577027130523,0.7883572681443808,0.6438734960935658,4.678979504451834,14.610881022827948,3.5058650970458984,4.423947811126709,68.19453521806005,-0.0032134425808572,1.625440881872229,3.4023381846140843,0.004380271187295365,1.0,1.0,-0.1,0.09,1.0,2.5,1.0,4.5,3.5
1699.1978759765625,3.4606045092382147,0.7928020206589317,0.6808065966645401,4.6994930713098055,14.58424448194436,3.505691766738892,4.421871185302734,68.4707662483269,-0.0044389924342044,1.640744947740865,3.490780122720951,0.004498118092883752,1.0,1.0,-0.1,0.09,1.0,2.5,1.0,4.5,3.5
1679.1978759765625,3.559432799289288,0.8042756787252006,0.7352266035899743,4.705987310233037,14.55678362409618,3.50567364692688,4.420891284942627,68.55708844673326,-0.0055291584688343,1.682775400379711,3.5822212213285196,0.004612977626267306,1.0,1.0,-0.1,0.09,1.0,2.5,1.0,4.5,3.5
1649.1978759765625,3.6949070190384528,0.8115049822124589,0.7924735352627561,4.710508380315403,14.513888338276832,3.50585412979126,4.421047210693359,68.41897293388317,-0.0045883668076353,1.7113163347809892,3.721135498605123,0.0046653440543481806,1.0,1.0,-0.1,0.09,1.0,2.5,1.0,4.5,3.5
1629.1978759765625,3.7870482519719153,0.8216771537739406,0.8458443344327254,4.717452020798691,14.48403291722766,3.505908250808716,4.420315742492676,68.43623737528124,-0.0053575398055955,1.7545300081643127,3.815596113360627,0.00479020812436684,1.0,1.0,-0.1,0.09,1.0,2.5,1.0,4.5,3.5
1609.1978759765625,3.8783272727728737,0.8255294909071943,0.8743852977352449,4.713377803107691,14.453058805103533,3.5059826374053955,4.419625759124756,68.43623737658284,-0.0050428770381009,1.7719218322757666,3.9125712735774707,0.004861035018919768,1.0,1.0,-0.1,0.09,1.0,2.5,1.0,4.5,3.5
1589.1978759765625,3.980933068205048,0.8317690942500896,0.9196822522979012,4.704796643216859,14.420858353770075,3.50618314743042,4.419823169708252,68.280857424422,-0.0055817879301638,1.8014065800590144,4.0105809401005805,0.004948253533494845,1.0,1.0,-0.1,0.09,1.0,2.5,1.0,4.5,3.5
1569.1978759765625,4.081821420686815,0.8382250334140174,0.975883035192478,4.727170700762965,14.387313796628652,3.506195545196533,4.418333053588867,68.3844440628944,-0.0053106705278633,1.833770587028198,4.110034862695881,0.005014886796871398,1.0,1.0,-0.1,0.09,1.0,2.5,1.0,4.5,3.5
1549.1978759765625,4.175342827998275,0.8414784063264469,0.9961491910065988,4.727176541123892,14.35229791301577,3.5063178539276123,4.417426109313965,68.3671796253464,-0.0046047217230294,1.850855312404117,4.211501483595531,0.005144487348174964,1.0,1.0,-0.1,0.09,1.0,2.5,1.0,4.5,3.5
1529.1978759765625,4.280690707621905,0.8450094536824553,1.0472723173136282,4.716961264471785,14.315675091025016,3.506664514541626,4.418095111846924,68.0736841592514,-0.0050679122785107,1.870027949474937,4.315248064125931,0.005238941259999491,1.0,1.0,-0.1,0.09,1.0,2.5,1.0,4.5,3.5
1509.1978759765625,4.386401970203742,0.852502451666575,1.1004735314418297,4.732931895885156,14.277303024545462,3.506754159927368,4.416571617126465,68.12547747998507,-0.0051028448461387,1.913058292167928,4.421685838203582,0.005350976785656714,1.0,1.0,-0.1,0.09,1.0,2.5,1.0,4.5,3.5
1499.1978759765625,4.434831131498567,0.8520505261167008,1.1010480450953566,4.722181395872744,14.25741527699308,3.506934404373169,4.416724681854248,67.98736196636844,-0.0048429161294825,1.9103672846625324,4.475233519174436,0.005370967567553925,1.0,1.0,-0.1,0.09,1.0,2.5,1.0,4.5,3.5
1479.1978759765625,4.552767504485369,0.855031108453934,1.1106934728761944,4.722384436945835,14.216143791367106,3.5070526599884038,4.4149322509765625,68.03915528737429,-0.0062659581682567,1.928355018248664,4.583568293832959,0.005469339454137495,1.0,1.0,-0.1,0.09,1.0,2.5,1.0,4.5,3.5
1459.1978759765625,4.659234323000727,0.8607277756464301,1.1957986393676006,4.705312866889968,14.172755521819896,3.507509231567383,4.415485382080078,67.67660206465156,-0.0060621495297549,1.9643837090366167,4.694193408055781,0.005599192707201606,1.0,1.0,-0.1,0.09,1.0,2.5,1.0,4.5,3.5
1439.1978759765625,4.77214634723159,0.8599854005305114,1.1370747832148835,4.673554577708565,14.127109548109695,3.5078320503234863,4.414754390716553,67.50395767457394,-0.0058117882238767,1.9595600243749012,4.807539639386199,0.0057134986970255874,1.0,1.0,-0.1,0.09,1.0,2.5,1.0,4.5,3.5
1419.1978759765625,4.887216889099276,0.8635995340262609,1.2049676704546928,4.739490302558923,14.07907729077924,3.508169889450073,4.4136457443237305,67.34857772412087,-0.006391051983499,1.9834249700605784,4.92234301797306,0.005801965949546822,1.0,1.0,-0.1,0.09,1.0,2.5,1.0,4.5,3.5
1409.1978759765625,4.947764367618489,0.8642976668275241,1.1612263468675923,4.741311627959932,14.054131470485366,3.508373498916626,4.4133381843566895,67.22772665071031,-0.0060547478519213,1.9881480182683364,4.980785125712891,0.005890254239687004,1.0,1.0,-0.1,0.09,1.0,2.5,1.0,4.5,3.5
1389.1978759765625,5.058366475809533,0.8647536019743092,1.2196356913702595,4.716067534642439,14.002326327932716,3.508867025375366,4.41305685043335,66.89970230713864,-0.0062297667489059,1.9912528889423788,5.099977380680358,0.005986792922104633,1.0,1.0,-0.1,0.09,1.0,2.5,1.0,4.5,3.5
1369.1978759765625,5.1802951167758415,0.8625593667572031,1.161632203923125,4.805779703694949,13.947925877107767,3.5094094276428223,4.412767887115479,66.53714908528947,-0.0062318315801679,1.9764569723621788,5.220800062533283,0.00607689453791499,1.0,1.0,-0.1,0.09,1.0,2.5,1.0,4.5,3.5
1359.1978759765625,5.243324199135387,0.862393114628617,1.166976638945742,4.742800268309542,13.919747525691507,3.5096676349639893,4.4123945236206055,66.38176913371791,-0.0063029082359545,1.9753508281737937,5.281421851967193,0.006121928799665388,1.0,1.0,-0.1,0.09,1.0,2.5,1.0,4.5,3.5
1339.1978759765625,5.371287716931923,0.8589196503815789,1.1510510196459496,4.655144416861594,13.861458068665687,3.510188341140747,4.41136360168457,66.0882736698673,-0.007029639442041,1.9527040509618636,5.405244421329227,0.0062475786193423866,1.0,1.0,-0.1,0.09,1.0,2.5,1.0,4.5,3.5
1329.1978759765625,5.424814054336996,0.8587055683440151,1.1518115800344484,4.66023106031023,13.831370167484316,3.5104494094848637,4.4107184410095215,65.95015815707808,-0.0053526337405072,1.9513365377813487,5.468190210913439,0.00628101211333898,1.0,1.0,-0.1,0.09,1.0,2.5,1.0,4.5,3.5
1309.1978759765625,5.555244125000362,0.8563828195314054,1.13219104888716,4.655069099969954,13.769406462750666,3.5111842155456543,4.410877227783203,65.41496054316549,-0.0067926378235883,1.9367030282812248,5.594117077514277,0.006357819213656801,1.0,1.0,-0.1,0.09,1.0,2.5,1.0,4.5,3.5
1289.1978759765625,5.686693481073974,0.8498739526262533,1.1002161158028347,4.642944272328121,13.705261831438214,3.511831521987915,4.409992218017578,65.01787844486726,-0.0064602808497231,1.897583547151173,5.722169376335392,0.0064263367452834785,1.0,1.0,-0.1,0.09,1.0,2.5,1.0,4.5,3.5
1279.1978759765625,5.750899115056053,0.8494852959355677,1.0724376334617274,4.626436694484026,13.672473309623609,3.512168407440185,4.409525871276856,64.81070517579921,-0.0064205633982078,1.895331122477928,5.786547782774813,0.006469776456361265,1.0,1.0,-0.1,0.09,1.0,2.5,1.0,4.5,3.5
1259.1978759765625,5.871670111678915,0.8435761908744432,1.0198402418038042,4.610756117604416,13.605730870606129,3.512944221496582,4.409246444702148,64.27550756326292,-0.0054735257487931,1.8621644266826956,5.916321281475517,0.006469401025117061,1.0,1.0,-0.1,0.09,1.0,2.5,1.0,4.5,3.5
1249.1978759765625,5.950364196180767,0.8413970204428841,1.0142966581200932,4.598142822426294,13.5719061087951,3.51333236694336,4.408974647521973,64.01654097695472,-0.0078694084501852,1.850421266488033,5.980952925964958,0.0064496526969272105,1.0,1.0,-0.1,0.09,1.0,2.5,1.0,4.5,3.5
1229.1978759765625,6.082222160948516,0.8369415982611396,0.9660243597322806,4.569271474888313,13.5037265702976,3.514139413833618,4.408595561981201,63.46407892449113,-0.006996015766419,1.8271774841870527,6.110503892805452,0.006510838138959918,1.0,1.0,-0.1,0.09,1.0,2.5,1.0,4.5,3.5
1219.1978759765625,6.14070594275064,0.8336903330085996,0.9260179835188286,4.555930812437625,13.469542481691237,3.514482021331787,4.407797813415527,63.27417009426157,-0.0058483781802124,1.8108323952938057,6.175531098193259,0.006481203589528306,1.0,1.0,-0.1,0.09,1.0,2.5,1.0,4.5,3.5
1199.1978759765625,6.274148215417788,0.8308142656807842,0.8899717137520652,4.530829758986399,13.401452496249934,3.5154330730438232,4.408354759216309,62.54906364813374,-0.0061335569433905,1.796784472193372,6.3046520393941545,0.006422230568477683,1.0,1.0,-0.1,0.09,1.0,2.5,1.0,4.5,3.5
1189.1978759765625,6.341333045134527,0.8175213918036927,0.8261297615511669,4.501489530799774,13.367744709355536,3.5158190727233887,4.407824993133545,62.3073615005764,-0.0067184829716739,1.7364179015462151,6.368572575965572,0.006380652972909295,1.0,1.0,-0.1,0.09,1.0,2.5,1.0,4.5,3.5
1169.1978759765625,6.480637570531932,0.8113639669141376,0.792146598444763,4.502564573578678,13.301509803063572,3.5165977478027344,4.406680107116699,61.823957203588606,-0.0075092640769364,1.7107431530509378,6.49542505635534,0.006307010159009141,1.0,1.0,-0.1,0.09,1.0,2.5,1.0,4.5,3.5
1149.1978759765625,6.593624212300338,0.8042274448432354,0.72786425305232,4.453983044121942,13.237509898698027,3.517486095428467,4.406592845916748,61.18517295242358,-0.0055172492906951,1.6825905794969949,6.620318583371244,0.006178637665597453,1.0,1.0,-0.1,0.09,1.0,2.5,1.0,4.5,3.5
1139.1978759765625,6.658515905913999,0.8013700663270054,0.6936951830615913,4.447543785661332,13.20658057077052,3.5179636478424072,4.406813621520996,60.82261972868654,-0.006489169361366,1.6717686635717153,6.681978055344473,0.006133457997350877,1.0,1.0,-0.1,0.09,1.0,2.5,1.0,4.5,3.5
1119.1978759765625,6.787861854520636,0.7982690084987262,0.6272387325217597,4.394953992017365,13.147268975901069,3.5188450813293457,4.406777381896973,60.183835472406,-0.0059256652355828,1.6602991999261951,6.803429307349639,0.005986081968493595,1.0,1.0,-0.1,0.09,1.0,2.5,1.0,4.5,3.5
1109.1978759765625,6.8471814530555415,0.7884069168742643,0.6045505988805542,4.433482404770846,13.1190219555098,3.519293069839477,4.406795501708984,59.85581112591207,-0.0059319598534905,1.6256090043591125,6.862709382688133,0.0059039059128852545,1.0,1.0,-0.1,0.09,1.0,2.5,1.0,4.5,3.5
1089.1978759765625,6.965104212502315,0.7745286493554467,0.5574518795520459,4.3859463895710125,13.065604385888935,3.5201635360717773,4.406843185424805,59.21702686547846,-0.0052532043962855,1.5809306128489122,6.978919640697074,0.0056984593404170725,1.0,1.0,-0.1,0.09,1.0,2.5,1.0,4.5,3.5
1069.1978759765625,7.080134004250978,0.7653680247555319,0.5060623313839686,4.3459987368985615,13.01650343749172,3.520936250686645,4.406130313873291,58.69909367974868,-0.0055384431459548,1.5537773044759926,7.090475549035309,0.0054749721410056185,1.0,1.0,-0.1,0.09,1.0,2.5,1.0,4.5,3.5
1049.1978759765625,7.188629822955175,0.7598554802820628,0.4482255522285536,4.31905221085866,12.97182407795352,3.5218217372894287,4.4067559242248535,58.00851609396298,-0.0057354797732595,1.5382437438717071,7.198863395357131,0.005332603238116407,1.0,1.0,-0.1,0.09,1.0,2.5,1.0,4.5,3.5
1029.1978759765625,7.30241592042428,0.7451541230515507,0.4051320394663602,4.295520803862999,12.931516086050484,3.52252197265625,4.405758380889893,57.55964063613689,-0.0056964477675375,1.499492508396432,7.303054513865919,0.005084015755513982,1.0,1.0,-0.1,0.09,1.0,2.5,1.0,4.5,3.5
1019.1978759765624,7.349537223378176,0.7405973488158095,0.3866076412103297,4.275730169438222,12.912950933087192,3.5229554176330566,4.406162261962891,57.21435183588245,-0.0047121302953896,1.4882080039434356,7.3533084351084055,0.004980537490023529,1.0,1.0,-0.1,0.09,1.0,2.5,1.0,4.5,3.5
989.1978759765624,7.489577346929136,0.7123762086606793,0.3126619506081521,4.233671874447043,12.863232937405682,3.5241193771362305,4.406514644622803,56.333865390424975,-0.0039468273127136,1.4249118691660472,7.497990813765571,0.004672985162400722,1.0,1.0,-0.1,0.09,1.0,2.5,1.0,4.5,3.5
969.1978759765624,7.580616302924428,0.6991487633017529,0.2686874197514504,4.1948258879963936,12.8346844055079,3.5247480869293213,4.40546464920044,55.93678325714374,-0.0043931938789638,1.3986478999902745,7.589859833231957,0.004493777241619423,1.0,1.0,-0.1,0.09,1.0,2.5,1.0,4.5,3.5
949.1978759765624,7.6713710147270255,0.6930584796179486,0.2520565536392109,4.190800510107161,12.809424347402675,3.5255305767059326,4.406130790710449,55.315263398058185,-0.0042909171323895,1.3871908016772747,7.677327455555103,0.004246755408513436,1.0,1.0,-0.1,0.09,1.0,2.5,1.0,4.5,3.5
929.1978759765624,7.757133079520691,0.6876162219982633,0.2350875704005222,4.161562769636995,12.787115813350514,3.5263020992279053,4.406931400299072,54.69374343384614,-0.0043322680786795,1.3772694613316727,7.759501342118513,0.0040062188751185945,1.0,1.0,-0.1,0.09,1.0,2.5,1.0,4.5,3.5
899.1978759765625,7.874197972201392,0.6684241932360399,0.1920010974305657,4.132798094325315,12.758487027409918,3.527031183242798,4.404056549072266,54.33118989775677,-0.0039879947986165,1.344483086248152,7.876656649695478,0.0038052324348289424,1.0,1.0,-0.1,0.09,1.0,2.5,1.0,4.5,3.5
879.1978759765625,7.949058439430039,0.6453048148684707,0.1682420707661203,4.115433292705792,12.742196889349088,3.527749538421631,4.4046149253845215,53.7614633147231,-0.0039069028606044,1.3090287021529987,7.95109477732,0.003633701690465563,1.0,1.0,-0.1,0.09,1.0,2.5,1.0,4.5,3.5
849.1978759765625,8.05354289545943,0.6267063503009385,0.1420169865627622,4.091411633263543,12.72131226266553,3.528852701187134,4.406136989593506,52.84644802218004,-0.0037828496278203,1.2832761355561442,8.057052775588819,0.0034145645097962696,1.0,1.0,-0.1,0.09,1.0,2.5,1.0,4.5,3.5
819.1978759765625,8.142336133058546,0.6174045820252447,0.127026577284596,4.074294159149511,12.704035558196576,3.529719352722168,4.405133247375488,52.25945685225366,-0.0030231572267187,1.271220193778757,8.156280485013902,0.0032405463517341526,1.0,1.0,-0.1,0.09,1.0,2.5,1.0,4.5,3.5
789.1978759765625,8.247438240829807,0.5990306065989205,0.1047738019281051,4.043226239380216,12.689755479190865,3.530642032623291,4.404836177825928,51.58614341857762,-0.0033097086996908,1.2488664535863387,8.250790365782969,0.0030428239734778817,1.0,1.0,-0.1,0.09,1.0,2.5,1.0,4.5,3.5
749.1978759765625,8.362227166379435,0.5840230346281708,0.089315121134806,4.004047266098008,12.67453624111076,3.531867265701294,4.404453754425049,50.68839187124589,-0.0028040526848801,1.2319259752764484,8.367882196213982,0.002855127395891166,1.0,1.0,-0.1,0.09,1.0,2.5,1.0,4.5,3.5
719.1978759765625,8.446554355397357,0.5625014956049443,0.0744814135862122,3.972862659213667,12.665489719084462,3.53273606300354,4.403589248657227,50.08413626399601,-0.0033450815668025,1.2094878021118214,8.45194937182714,0.002721910385469206,1.0,1.0,-0.1,0.09,1.0,2.5,1.0,4.5,3.5
679.1978759765625,8.548516782126628,0.5350427944458871,0.0585565987840427,3.945479915844411,12.656019972533771,3.5338902473449707,4.402231216430664,49.289971598643405,-0.002085612460806,1.183677153018674,8.55807846384932,0.0026098398141095047,1.0,1.0,-0.1,0.09,1.0,2.5,1.0,4.5,3.5
639.1978759765625,8.650794162541125,0.5226642059916354,0.0476644700861271,3.8902888416695554,12.649022199196803,3.535184621810913,4.402267456054688,48.30589767758228,-0.002675393761635,1.1729673664799094,8.659223079375838,0.0024796502856162528,1.0,1.0,-0.1,0.09,1.0,2.5,1.0,4.5,3.5
599.1978759765625,8.748981883643427,0.4950998053576319,0.0393856942071653,3.847893304562743,12.64408803117037,3.536566257476806,4.402940273284912,47.21823735059555,-0.0029152765193144,1.1509650562166034,8.756068916427303,0.0023553365652684843,1.0,1.0,-0.1,0.09,1.0,2.5,1.0,4.5,3.5
559.1978759765625,8.842258986413372,0.4755001008378944,0.0313387229079901,3.822984620881799,12.640910707566784,3.537715435028076,4.400454998016357,46.47586479224298,-0.0023808150828026,1.1367309210690348,8.848314806053907,0.002262227736678224,1.0,1.0,-0.1,0.09,1.0,2.5,1.0,4.5,3.5
509.1979064941406,8.956642801550336,0.4304533510740067,0.022212983594073,3.7646492880146254,12.639063185973086,3.5394210815429688,4.399872303009033,45.19829451122538,-0.0024230423452979,1.1078947383377429,8.959469612473226,0.002182026469529974,1.0,1.0,-0.1,0.09,1.0,2.5,1.0,4.5,3.5
469.1979064941406,9.0359087260882,0.4352059739716409,0.019932710093804,3.7051429443894617,12.63907893600356,3.540907144546509,4.400439739227295,44.02431251940353,-0.0021879621795161,1.1107027216861551,9.045983626657037,0.0021411315260754793,1.0,1.0,-0.1,0.09,1.0,2.5,1.0,4.5,3.5
419.1979064941406,9.140495723064214,0.3909606076408984,0.0121114839505788,3.651805312584071,12.640765089932705,3.542679786682129,4.398939609527588,42.72947868578727,-0.0019735427365366,1.086475388430642,9.152150488466821,0.002099482290055188,1.0,1.0,-0.1,0.09,1.0,2.5,1.0,4.5,3.5
369.1979064941406,9.252781252689712,0.3443335211673178,0.0083997433976748,3.591601704542119,12.6441452284959,3.544519186019897,4.397231101989746,41.38285098477961,-0.0029658230816638,1.0651358336871084,9.256803362330597,0.0020729966890249973,1.0,1.0,-0.1,0.09,1.0,2.5,1.0,4.5,3.5
329.1979064941406,9.337658373472165,0.3497650766604634,0.0069620210714874,3.544661412513633,12.64798492710026,3.546074151992798,4.395986557006836,40.22613134797787,-0.0020061407474411,1.0674210445387224,9.34155826495358,0.002106399024103478,1.0,1.0,-0.1,0.09,1.0,2.5,1.0,4.5,3.5
279.1979064941406,9.435353913707091,0.2853006934362486,0.0036963295375625,3.474473461806698,12.654105795317037,3.5480403900146484,4.393528938293457,38.79318288407386,-0.0019658640203063,1.0433642423271918,9.446623673150553,0.0020905025649480824,1.0,1.0,-0.1,0.09,1.0,2.5,1.0,4.5,3.5
229.1978912353516,9.543265740529016,0.256560129901041,0.0029161134874521,3.4032573436511755,12.661501927738277,3.550210475921631,4.392135620117188,37.13579581190015,-0.0025363026229225,1.034630883973065,9.550756800964358,0.002064487832065809,1.0,1.0,-0.1,0.09,1.0,2.5,1.0,4.5,3.5
179.19789123535156,9.643500796563533,0.2080990214828057,0.0008747966751895,3.3305306960697534,12.6696077312197,3.552396535873413,4.388896942138672,35.53020295404076,-0.0024534082386526,1.0223822335248534,9.654415094405486,0.0020695132505241243,1.0,1.0,-0.1,0.09,1.0,2.5,1.0,4.5,3.5
129.19789123535156,9.74626236535806,0.0899577062778192,0.0004157640867711,3.244967827476472,12.676716759584288,3.554761409759521,4.385843276977539,33.751965695205854,-0.0015492056302516,1.0040709187826329,9.75457338189096,0.0017935517640632614,1.0,1.0,-0.1,0.09,1.0,2.5,1.0,4.5,3.5
39.197898864746094,9.92129550682817,0.2742683627433005,0.0018526495173183,3.049519615247607,12.663921438401886,3.559767246246338,4.380351543426514,29.884735866774843,-0.0021354923821801,0.9616531938272286,9.836433155581023,7.746028151274231e-05,1.0,1.0,-0.1,0.09,1.0,2.5,1.0,4.5,3.5
